Model,Accuracy,Precision,Recall,F1,ROC_AUC
Logistic Regression,0.84,0.8828125,0.8692307692307693,0.875968992248062,0.9156868131868132
Random Forest,0.835,0.8730769230769231,0.8730769230769231,0.8730769230769231,0.9096153846153846
Gradient Boosting (XGBoost-equivalent),0.835,0.8730769230769231,0.8730769230769231,0.8730769230769231,0.9044505494505494
Decision Tree,0.7975,0.8537549407114624,0.8307692307692308,0.8421052631578947,0.8449725274725275
